workload,request_count,trace_records,raw_size,compressed_size,sha256,validation_status
mixed,16,81904,163152673,,6cb994e60271a3c130b4edcda42f7b29e2cc1f607184946c4ed0924088f0ffad,OK
arxiv,16,81904,163155891,,ed3717c8eb06ad53f0d4d484cf8b3928b35977eccbee6a969fb13095ef886707,OK
pubmed_central,16,81904,163150083,,30b77f513c371c1265edf20e8a33e42a0bb8e124edd2f277c264548ed263576f,OK
github,16,81904,162687710,,ad75036dc079501d4dd5c0beaf5f0c2e4caf99be5586e093ac923fb8467aa683,OK
stackexchange,16,81904,161751877,,cac5bec311617469f34ce1f1593fc40586c7adf2077743024a458b622c6d95a6,OK
wikipedia,16,81904,162829349,,162137dbd17c25d85b2751a77b058bb187c591821c36f2bd19610e5c9e1a2e0a,OK
freelaw,16,81904,163351516,,32db09fb63c46bd7b7e8f55ee002a881b66a6b5ff332d86febcd9f2dd38bd8b1,OK
hackernews,16,81904,163494037,,c1e787d796a3d6c530123a4f0a62b67efc5dce1ba602fb6c6c91fc9cece9b26f,OK
pile_cc,16,81904,163297646,,a1b0d03c3886e3c23e551eee68b1379ed322001c2df28f1204a33ea58565146e,OK
