model,system,batch_size,GPU-SM,GPU-HBM,PCIe,SSD-Flash,SSD-EPU,Total,Normalized_Total_vs_DeepSpeed,Normalized_Total_vs_GPUOnly
Llama4-Scout,GPU Only,16,0.2783242015,0.3946027008,0,0,0,0.6729269023,0.683466,1.000000
Llama4-Scout,DeepSpeed-NVMe,40,0.2783242015,0.3946027008,0.1207959552,0.1908576092,0,0.9845804667,1.000000,1.463131
Llama4-Scout,ASTRA,34,0.1934225756,0.0987469824,1.96608e-05,0.09542880461,0.05709181747,0.4447098409,0.451674,0.660859
Qwen3-30B-A3B,GPU Only,14,0.0491226703,0.07401469152,0,0,0,0.1231373618,0.427485,1.000000
Qwen3-30B-A3B,DeepSpeed-NVMe,32,0.06292332977,0.1257888403,0.03850334208,0.06083528049,0,0.2880507927,1.000000,2.339264
Qwen3-30B-A3B,ASTRA,32,0.03714889819,0.0309316656,1.700608e-05,0.03095378657,0.01639658209,0.1154479385,0.400790,0.937554
Qwen3-235B-A22B,GPU Only,14,0.1964632986,0.2959560384,0,0,0,0.492419337,0.427420,1.000000
Qwen3-235B-A22B,DeepSpeed-NVMe,32,0.2516659365,0.5030526336,0.1540133683,0.2433411219,0,1.15207306,1.000000,2.339618
Qwen3-235B-A22B,ASTRA,32,0.1485682102,0.1236239347,3.401216e-05,0.1238151463,0.06555911864,0.461600422,0.400669,0.937413
