decode_step,gpu_routed_token_coverage,routed_token_hit,routed_token_total
3,0.2628580729166667,1615,6144
4,0.21598307291666666,1327,6144
5,0.23860677083333334,1466,6144
6,0.22298177083333334,1370,6144
7,0.2571614583333333,1580,6144
8,0.24690755208333334,1517,6144
9,0.2669270833333333,1640,6144
10,0.2550455729166667,1567,6144
11,0.2565104166666667,1576,6144
12,0.2685546875,1650,6144
13,0.2552083333333333,1568,6144
14,0.24837239583333334,1526,6144
15,0.2576497395833333,1583,6144
16,0.26123046875,1605,6144
17,0.2732747395833333,1679,6144
18,0.2755533854166667,1693,6144
19,0.3151041666666667,1936,6144
20,0.310546875,1908,6144
21,0.2810872395833333,1727,6144
22,0.2706705729166667,1663,6144
23,0.2830403645833333,1739,6144
24,0.2864583333333333,1760,6144
25,0.2556966145833333,1571,6144
26,0.2848307291666667,1750,6144
27,0.3133138020833333,1925,6144
28,0.26806640625,1647,6144
29,0.2711588541666667,1666,6144
30,0.2373046875,1458,6144
31,0.2236328125,1374,6144
32,0.23128255208333334,1421,6144
33,0.22314453125,1371,6144
34,0.24755859375,1521,6144
35,0.2615559895833333,1607,6144
36,0.27099609375,1665,6144
37,0.25830078125,1587,6144
38,0.24625651041666666,1513,6144
39,0.24625651041666666,1513,6144
40,0.2674153645833333,1643,6144
41,0.25146484375,1545,6144
42,0.24658203125,1515,6144
43,0.24462890625,1503,6144
44,0.24755859375,1521,6144
45,0.26220703125,1611,6144
46,0.2265625,1392,6144
47,0.2630208333333333,1616,6144
48,0.2552083333333333,1568,6144
49,0.2932942708333333,1802,6144
50,0.2789713541666667,1714,6144
51,0.2630208333333333,1616,6144
52,0.23274739583333334,1430,6144
53,0.2609049479166667,1603,6144
54,0.2662760416666667,1636,6144
55,0.2747395833333333,1688,6144
56,0.24837239583333334,1526,6144
57,0.2822265625,1734,6144
58,0.2623697916666667,1612,6144
59,0.2672526041666667,1642,6144
60,0.2649739583333333,1628,6144
61,0.2568359375,1578,6144
62,0.2618815104166667,1609,6144
63,0.2547200520833333,1565,6144
64,0.2596028645833333,1595,6144
65,0.26171875,1608,6144
66,0.2625325520833333,1613,6144
67,0.23876953125,1467,6144
68,0.24983723958333334,1535,6144
69,0.24983723958333334,1535,6144
70,0.28271484375,1737,6144
71,0.25537109375,1569,6144
72,0.2823893229166667,1735,6144
73,0.2639973958333333,1622,6144
74,0.28466796875,1749,6144
75,0.29833984375,1833,6144
76,0.3055013020833333,1877,6144
77,0.3185221354166667,1957,6144
78,0.33447265625,2055,6144
79,0.3341471354166667,2053,6144
80,0.31298828125,1923,6144
81,0.2978515625,1830,6144
82,0.2960611979166667,1819,6144
83,0.2864583333333333,1760,6144
84,0.3059895833333333,1880,6144
85,0.27392578125,1683,6144
86,0.2574869791666667,1582,6144
87,0.25390625,1560,6144
88,0.23893229166666666,1468,6144
89,0.2451171875,1506,6144
90,0.26025390625,1599,6144
91,0.27197265625,1671,6144
92,0.24690755208333334,1517,6144
93,0.24853515625,1527,6144
94,0.27783203125,1707,6144
95,0.3033854166666667,1864,6144
96,0.2610677083333333,1604,6144
97,0.24641927083333334,1514,6144
98,0.2666015625,1638,6144
99,0.2667643229166667,1639,6144
100,0.24755859375,1521,6144
101,0.23649088541666666,1453,6144
102,0.2501627604166667,1537,6144
103,0.2626953125,1614,6144
104,0.2579752604166667,1585,6144
105,0.24153645833333334,1484,6144
106,0.24674479166666666,1516,6144
107,0.2734375,1680,6144
108,0.24283854166666666,1492,6144
109,0.2820638020833333,1733,6144
110,0.2679036458333333,1646,6144
111,0.2605794270833333,1601,6144
112,0.275390625,1692,6144
113,0.2545572916666667,1564,6144
114,0.2576497395833333,1583,6144
115,0.2633463541666667,1618,6144
116,0.23746744791666666,1459,6144
117,0.2659505208333333,1634,6144
118,0.2962239583333333,1820,6144
119,0.3020833333333333,1856,6144
120,0.2962239583333333,1820,6144
121,0.2913411458333333,1790,6144
122,0.2939453125,1806,6144
123,0.2578125,1584,6144
124,0.2701822916666667,1660,6144
125,0.25390625,1560,6144
126,0.2511393229166667,1543,6144
127,0.2804361979166667,1723,6144
128,0.2835286458333333,1742,6144
129,0.2833658854166667,1741,6144
130,0.2711588541666667,1666,6144
131,0.2556966145833333,1571,6144
132,0.2718098958333333,1670,6144
133,0.2599283854166667,1597,6144
134,0.2511393229166667,1543,6144
135,0.287109375,1764,6144
136,0.26708984375,1641,6144
137,0.2731119791666667,1678,6144
138,0.2560221354166667,1573,6144
139,0.2981770833333333,1832,6144
140,0.2892252604166667,1777,6144
141,0.27685546875,1701,6144
142,0.24430338541666666,1501,6144
143,0.24869791666666666,1528,6144
144,0.23421223958333334,1439,6144
145,0.3185221354166667,1957,6144
146,0.2902018229166667,1783,6144
147,0.2823893229166667,1735,6144
148,0.2571614583333333,1580,6144
149,0.25927734375,1593,6144
150,0.2581380208333333,1586,6144
151,0.24202473958333334,1487,6144
152,0.2470703125,1518,6144
153,0.25146484375,1545,6144
154,0.2581380208333333,1586,6144
155,0.2706705729166667,1663,6144
156,0.2820638020833333,1733,6144
157,0.2587890625,1590,6144
158,0.2569986979166667,1579,6144
159,0.2999674479166667,1843,6144
160,0.2859700520833333,1757,6144
161,0.255859375,1572,6144
162,0.24267578125,1491,6144
163,0.23518880208333334,1445,6144
164,0.2535807291666667,1558,6144
165,0.21875,1344,6144
166,0.21126302083333334,1298,6144
167,0.22835286458333334,1403,6144
168,0.2586263020833333,1589,6144
169,0.2789713541666667,1714,6144
170,0.23567708333333334,1448,6144
171,0.2431640625,1494,6144
172,0.2822265625,1734,6144
173,0.30810546875,1893,6144
174,0.28076171875,1725,6144
175,0.2643229166666667,1624,6144
176,0.2845052083333333,1748,6144
177,0.2796223958333333,1718,6144
178,0.2724609375,1674,6144
179,0.29931640625,1839,6144
180,0.23860677083333334,1466,6144
181,0.24283854166666666,1492,6144
182,0.22444661458333334,1379,6144
183,0.2353515625,1446,6144
184,0.24072265625,1479,6144
185,0.22932942708333334,1409,6144
186,0.2599283854166667,1597,6144
187,0.2648111979166667,1627,6144
188,0.2542317708333333,1562,6144
189,0.2654622395833333,1631,6144
190,0.23453776041666666,1441,6144
191,0.21793619791666666,1339,6144
192,0.2589518229166667,1591,6144
193,0.24641927083333334,1514,6144
194,0.2849934895833333,1751,6144
195,0.2781575520833333,1709,6144
196,0.24576822916666666,1510,6144
197,0.2625325520833333,1613,6144
198,0.2732747395833333,1679,6144
199,0.2666015625,1638,6144
200,0.2677408854166667,1645,6144
201,0.2615559895833333,1607,6144
202,0.28662109375,1761,6144
203,0.2747395833333333,1688,6144
204,0.2711588541666667,1666,6144
205,0.30029296875,1845,6144
206,0.2918294270833333,1793,6144
207,0.2734375,1680,6144
208,0.26220703125,1611,6144
209,0.24104817708333334,1481,6144
210,0.2490234375,1530,6144
211,0.2392578125,1470,6144
212,0.24104817708333334,1481,6144
213,0.24983723958333334,1535,6144
214,0.2867838541666667,1762,6144
215,0.28955078125,1779,6144
216,0.2726236979166667,1675,6144
217,0.24055989583333334,1478,6144
218,0.2578125,1584,6144
219,0.24918619791666666,1531,6144
220,0.22265625,1368,6144
221,0.24837239583333334,1526,6144
222,0.22900390625,1407,6144
223,0.22395833333333334,1376,6144
224,0.23876953125,1467,6144
225,0.24755859375,1521,6144
226,0.21695963541666666,1333,6144
227,0.21907552083333334,1346,6144
228,0.2158203125,1326,6144
229,0.22607421875,1389,6144
230,0.18896484375,1161,6144
231,0.22216796875,1365,6144
232,0.24153645833333334,1484,6144
233,0.27734375,1704,6144
234,0.23193359375,1425,6144
235,0.23974609375,1473,6144
236,0.2353515625,1446,6144
237,0.22086588541666666,1357,6144
238,0.24951171875,1533,6144
239,0.2763671875,1698,6144
240,0.24446614583333334,1502,6144
241,0.24169921875,1485,6144
242,0.2610677083333333,1604,6144
243,0.23453776041666666,1441,6144
244,0.22509765625,1383,6144
245,0.20768229166666666,1276,6144
246,0.21598307291666666,1327,6144
247,0.20589192708333334,1265,6144
248,0.24479166666666666,1504,6144
249,0.24869791666666666,1528,6144
250,0.21110026041666666,1297,6144
251,0.20540364583333334,1262,6144
252,0.22200520833333334,1364,6144
253,0.23404947916666666,1438,6144
254,0.244140625,1500,6144
255,0.2509765625,1542,6144
256,0.24527994791666666,1507,6144
257,0.23291015625,1431,6144
258,0.2521158854166667,1549,6144
259,0.23990885416666666,1474,6144
260,0.2708333333333333,1664,6144
261,0.25537109375,1569,6144
262,0.2649739583333333,1628,6144
263,0.2679036458333333,1646,6144
264,0.2672526041666667,1642,6144
265,0.2819010416666667,1732,6144
266,0.2560221354166667,1573,6144
267,0.23844401041666666,1465,6144
268,0.23893229166666666,1468,6144
269,0.23486328125,1443,6144
270,0.22884114583333334,1406,6144
271,0.203125,1248,6144
272,0.22509765625,1383,6144
273,0.19401041666666666,1192,6144
274,0.18831380208333334,1157,6144
275,0.23600260416666666,1450,6144
276,0.2613932291666667,1606,6144
277,0.2599283854166667,1597,6144
278,0.2976888020833333,1829,6144
279,0.2571614583333333,1580,6144
280,0.24739583333333334,1520,6144
281,0.2581380208333333,1586,6144
282,0.2687174479166667,1651,6144
283,0.25537109375,1569,6144
284,0.2604166666666667,1600,6144
285,0.27978515625,1719,6144
286,0.2649739583333333,1628,6144
287,0.236328125,1452,6144
288,0.23079427083333334,1418,6144
289,0.19921875,1224,6144
290,0.21028645833333334,1292,6144
291,0.19417317708333334,1193,6144
292,0.2060546875,1266,6144
293,0.20279947916666666,1246,6144
294,0.23876953125,1467,6144
295,0.22786458333333334,1400,6144
296,0.22298177083333334,1370,6144
297,0.22802734375,1401,6144
298,0.224609375,1380,6144
299,0.20328776041666666,1249,6144
300,0.2177734375,1338,6144
301,0.193359375,1188,6144
302,0.24886067708333334,1529,6144
303,0.2392578125,1470,6144
304,0.22526041666666666,1384,6144
305,0.2626953125,1614,6144
306,0.25732421875,1581,6144
307,0.2255859375,1386,6144
308,0.22054036458333334,1355,6144
309,0.21891276041666666,1345,6144
310,0.23111979166666666,1420,6144
311,0.24137369791666666,1483,6144
312,0.2392578125,1470,6144
313,0.24951171875,1533,6144
314,0.22509765625,1383,6144
315,0.22444661458333334,1379,6144
316,0.20540364583333334,1262,6144
317,0.193359375,1188,6144
318,0.20149739583333334,1238,6144
319,0.21126302083333334,1298,6144
320,0.21712239583333334,1334,6144
321,0.20166015625,1239,6144
322,0.21891276041666666,1345,6144
323,0.24202473958333334,1487,6144
324,0.248046875,1524,6144
325,0.28759765625,1767,6144
326,0.28173828125,1731,6144
327,0.25244140625,1551,6144
328,0.26318359375,1617,6144
329,0.27099609375,1665,6144
330,0.2685546875,1650,6144
331,0.23974609375,1473,6144
332,0.2373046875,1458,6144
333,0.2392578125,1470,6144
334,0.22802734375,1401,6144
335,0.2490234375,1530,6144
336,0.22444661458333334,1379,6144
337,0.21956380208333334,1349,6144
338,0.19954427083333334,1226,6144
339,0.18684895833333334,1148,6144
340,0.20328776041666666,1249,6144
341,0.20817057291666666,1279,6144
342,0.22639973958333334,1391,6144
343,0.201171875,1236,6144
344,0.22102864583333334,1358,6144
345,0.21956380208333334,1349,6144
346,0.22900390625,1407,6144
347,0.240234375,1476,6144
348,0.2158203125,1326,6144
349,0.24055989583333334,1478,6144
350,0.232421875,1428,6144
351,0.22493489583333334,1382,6144
352,0.23795572916666666,1462,6144
353,0.21126302083333334,1298,6144
354,0.24593098958333334,1511,6144
355,0.2431640625,1494,6144
356,0.23209635416666666,1426,6144
357,0.232421875,1428,6144
358,0.22770182291666666,1399,6144
359,0.24495442708333334,1505,6144
360,0.23746744791666666,1459,6144
361,0.2275390625,1398,6144
362,0.2353515625,1446,6144
363,0.2503255208333333,1538,6144
364,0.23828125,1464,6144
365,0.24609375,1512,6144
366,0.2586263020833333,1589,6144
367,0.22770182291666666,1399,6144
368,0.22900390625,1407,6144
369,0.23600260416666666,1450,6144
370,0.21988932291666666,1351,6144
371,0.23779296875,1461,6144
372,0.24479166666666666,1504,6144
373,0.21484375,1320,6144
374,0.2314453125,1422,6144
375,0.22444661458333334,1379,6144
376,0.21321614583333334,1310,6144
377,0.22379557291666666,1375,6144
378,0.205078125,1260,6144
379,0.21207682291666666,1303,6144
380,0.1962890625,1206,6144
381,0.22395833333333334,1376,6144
382,0.22916666666666666,1408,6144
383,0.24820963541666666,1525,6144
384,0.24641927083333334,1514,6144
385,0.23177083333333334,1424,6144
386,0.236328125,1452,6144
387,0.21630859375,1329,6144
388,0.2060546875,1266,6144
389,0.20166015625,1239,6144
390,0.21744791666666666,1336,6144
391,0.23893229166666666,1468,6144
392,0.2600911458333333,1598,6144
393,0.24137369791666666,1483,6144
394,0.24055989583333334,1478,6144
395,0.22379557291666666,1375,6144
396,0.1982421875,1218,6144
397,0.19026692708333334,1169,6144
398,0.23177083333333334,1424,6144
399,0.23942057291666666,1471,6144
400,0.22607421875,1389,6144
401,0.20328776041666666,1249,6144
402,0.21223958333333334,1304,6144
403,0.1904296875,1170,6144
404,0.212890625,1308,6144
405,0.20768229166666666,1276,6144
406,0.22444661458333334,1379,6144
407,0.23160807291666666,1423,6144
408,0.22802734375,1401,6144
409,0.22916666666666666,1408,6144
410,0.24055989583333334,1478,6144
411,0.24381510416666666,1498,6144
412,0.2635091145833333,1619,6144
413,0.2565104166666667,1576,6144
414,0.24495442708333334,1505,6144
415,0.23763020833333334,1460,6144
416,0.22086588541666666,1357,6144
417,0.248046875,1524,6144
418,0.2532552083333333,1556,6144
419,0.22932942708333334,1409,6144
420,0.205078125,1260,6144
421,0.19514973958333334,1199,6144
422,0.220703125,1356,6144
423,0.23274739583333334,1430,6144
424,0.23958333333333334,1472,6144
425,0.2421875,1488,6144
426,0.2537434895833333,1559,6144
427,0.228515625,1404,6144
428,0.2547200520833333,1565,6144
429,0.27587890625,1695,6144
430,0.26171875,1608,6144
431,0.23323567708333334,1433,6144
432,0.212890625,1308,6144
433,0.2635091145833333,1619,6144
434,0.2760416666666667,1696,6144
435,0.25146484375,1545,6144
436,0.22509765625,1383,6144
437,0.20914713541666666,1285,6144
438,0.22623697916666666,1390,6144
439,0.23990885416666666,1474,6144
440,0.23600260416666666,1450,6144
441,0.23746744791666666,1459,6144
442,0.2542317708333333,1562,6144
443,0.2451171875,1506,6144
444,0.24576822916666666,1510,6144
445,0.24235026041666666,1489,6144
446,0.228515625,1404,6144
447,0.24430338541666666,1501,6144
448,0.24462890625,1503,6144
449,0.24609375,1512,6144
450,0.2503255208333333,1538,6144
451,0.24137369791666666,1483,6144
452,0.251953125,1548,6144
453,0.24251302083333334,1490,6144
454,0.24495442708333334,1505,6144
455,0.2646484375,1626,6144
456,0.2470703125,1518,6144
457,0.23974609375,1473,6144
458,0.22509765625,1383,6144
459,0.23160807291666666,1423,6144
460,0.22428385416666666,1378,6144
461,0.23356119791666666,1435,6144
462,0.20654296875,1269,6144
463,0.23014322916666666,1414,6144
464,0.22835286458333334,1403,6144
465,0.24072265625,1479,6144
466,0.2548828125,1566,6144
467,0.24267578125,1491,6144
468,0.23258463541666666,1429,6144
469,0.23502604166666666,1444,6144
470,0.24039713541666666,1477,6144
471,0.2373046875,1458,6144
472,0.22770182291666666,1399,6144
473,0.22786458333333334,1400,6144
474,0.22916666666666666,1408,6144
475,0.23958333333333334,1472,6144
476,0.24267578125,1491,6144
477,0.23974609375,1473,6144
478,0.2255859375,1386,6144
479,0.22330729166666666,1372,6144
480,0.23942057291666666,1471,6144
481,0.19173177083333334,1178,6144
482,0.20817057291666666,1279,6144
483,0.21956380208333334,1349,6144
484,0.21875,1344,6144
485,0.23893229166666666,1468,6144
486,0.24641927083333334,1514,6144
487,0.22607421875,1389,6144
488,0.2522786458333333,1550,6144
489,0.2594401041666667,1594,6144
490,0.23681640625,1455,6144
491,0.23323567708333334,1433,6144
492,0.2568359375,1578,6144
493,0.23763020833333334,1460,6144
494,0.23763020833333334,1460,6144
495,0.23160807291666666,1423,6144
496,0.23128255208333334,1421,6144
497,0.23095703125,1419,6144
498,0.21516927083333334,1322,6144
499,0.21630859375,1329,6144
500,0.20003255208333334,1229,6144
501,0.2109375,1296,6144
502,0.1796875,1104,6144
503,0.20670572916666666,1270,6144
504,0.20052083333333334,1232,6144
505,0.21712239583333334,1334,6144
506,0.24495442708333334,1505,6144
507,0.21126302083333334,1298,6144
508,0.2177734375,1338,6144
509,0.2138671875,1314,6144
510,0.21337890625,1311,6144
511,0.22672526041666666,1393,6144
512,0.23518880208333334,1445,6144
513,0.20865885416666666,1282,6144
514,0.24869791666666666,1528,6144
515,0.23046875,1416,6144
516,0.24332682291666666,1495,6144
517,0.2511393229166667,1543,6144
518,0.23014322916666666,1414,6144
519,0.23453776041666666,1441,6144
520,0.22623697916666666,1390,6144
521,0.23388671875,1437,6144
522,0.2560221354166667,1573,6144
523,0.23014322916666666,1414,6144
524,0.23942057291666666,1471,6144
525,0.22102864583333334,1358,6144
526,0.2197265625,1350,6144
527,0.23209635416666666,1426,6144
528,0.22737630208333334,1397,6144
529,0.22835286458333334,1403,6144
530,0.23274739583333334,1430,6144
531,0.22819010416666666,1402,6144
532,0.22900390625,1407,6144
533,0.23453776041666666,1441,6144
534,0.2314453125,1422,6144
535,0.23128255208333334,1421,6144
536,0.23486328125,1443,6144
537,0.21126302083333334,1298,6144
538,0.22786458333333334,1400,6144
539,0.21875,1344,6144
540,0.21565755208333334,1325,6144
541,0.24593098958333334,1511,6144
542,0.23356119791666666,1435,6144
543,0.23681640625,1455,6144
544,0.23616536458333334,1451,6144
545,0.23909505208333334,1469,6144
546,0.24674479166666666,1516,6144
547,0.24544270833333334,1508,6144
548,0.23567708333333334,1448,6144
549,0.24186197916666666,1486,6144
550,0.23291015625,1431,6144
551,0.2275390625,1398,6144
552,0.23942057291666666,1471,6144
553,0.23063151041666666,1417,6144
554,0.22916666666666666,1408,6144
555,0.224609375,1380,6144
556,0.22379557291666666,1375,6144
557,0.2158203125,1326,6144
558,0.224609375,1380,6144
559,0.21435546875,1317,6144
560,0.21647135416666666,1330,6144
561,0.24495442708333334,1505,6144
562,0.23681640625,1455,6144
563,0.23209635416666666,1426,6144
564,0.220703125,1356,6144
565,0.22119140625,1359,6144
566,0.23502604166666666,1444,6144
567,0.22574869791666666,1387,6144
568,0.2080078125,1278,6144
569,0.21110026041666666,1297,6144
570,0.2119140625,1302,6144
571,0.22721354166666666,1396,6144
572,0.23779296875,1461,6144
573,0.24007161458333334,1475,6144
574,0.24869791666666666,1528,6144
575,0.24397786458333334,1499,6144
576,0.2294921875,1410,6144
577,0.2508138020833333,1541,6144
578,0.23453776041666666,1441,6144
579,0.24169921875,1485,6144
580,0.2506510416666667,1540,6144
581,0.24658203125,1515,6144
582,0.255859375,1572,6144
583,0.22705078125,1395,6144
584,0.2644856770833333,1625,6144
585,0.23486328125,1443,6144
586,0.24723307291666666,1519,6144
587,0.25,1536,6144
588,0.23958333333333334,1472,6144
589,0.24104817708333334,1481,6144
590,0.2576497395833333,1583,6144
591,0.24837239583333334,1526,6144
592,0.22786458333333334,1400,6144
593,0.22835286458333334,1403,6144
594,0.24430338541666666,1501,6144
595,0.23356119791666666,1435,6144
596,0.24267578125,1491,6144
597,0.22591145833333334,1388,6144
598,0.23128255208333334,1421,6144
599,0.24723307291666666,1519,6144
600,0.2373046875,1458,6144
601,0.23990885416666666,1474,6144
602,0.24072265625,1479,6144
603,0.23111979166666666,1420,6144
604,0.2275390625,1398,6144
605,0.2470703125,1518,6144
606,0.23665364583333334,1454,6144
607,0.22737630208333334,1397,6144
608,0.2513020833333333,1544,6144
609,0.23421223958333334,1439,6144
610,0.22965494791666666,1411,6144
611,0.2314453125,1422,6144
612,0.22867838541666666,1405,6144
613,0.24560546875,1509,6144
614,0.24609375,1512,6144
615,0.22395833333333334,1376,6144
616,0.22265625,1368,6144
617,0.22591145833333334,1388,6144
618,0.22721354166666666,1396,6144
619,0.23518880208333334,1445,6144
620,0.23177083333333334,1424,6144
621,0.22998046875,1413,6144
622,0.22786458333333334,1400,6144
623,0.2119140625,1302,6144
624,0.21630859375,1329,6144
625,0.18896484375,1161,6144
626,0.20100911458333334,1235,6144
627,0.23079427083333334,1418,6144
628,0.2509765625,1542,6144
629,0.2571614583333333,1580,6144
630,0.2530924479166667,1555,6144
631,0.2576497395833333,1583,6144
632,0.255859375,1572,6144
633,0.2591145833333333,1592,6144
634,0.2625325520833333,1613,6144
635,0.2635091145833333,1619,6144
636,0.24251302083333334,1490,6144
637,0.22900390625,1407,6144
638,0.2693684895833333,1655,6144
639,0.24788411458333334,1523,6144
640,0.24055989583333334,1478,6144
641,0.234375,1440,6144
642,0.24690755208333334,1517,6144
643,0.23697916666666666,1456,6144
644,0.23128255208333334,1421,6144
645,0.22721354166666666,1396,6144
646,0.22607421875,1389,6144
647,0.23958333333333334,1472,6144
648,0.23974609375,1473,6144
649,0.2594401041666667,1594,6144
650,0.263671875,1620,6144
651,0.2633463541666667,1618,6144
652,0.2745768229166667,1687,6144
653,0.2657877604166667,1633,6144
654,0.263671875,1620,6144
655,0.2667643229166667,1639,6144
656,0.23518880208333334,1445,6144
657,0.240234375,1476,6144
658,0.23795572916666666,1462,6144
659,0.23990885416666666,1474,6144
660,0.2506510416666667,1540,6144
661,0.2635091145833333,1619,6144
662,0.24658203125,1515,6144
663,0.23714192708333334,1457,6144
664,0.20377604166666666,1252,6144
665,0.24267578125,1491,6144
666,0.23209635416666666,1426,6144
667,0.22184244791666666,1363,6144
668,0.22265625,1368,6144
669,0.22591145833333334,1388,6144
670,0.23583984375,1449,6144
671,0.23502604166666666,1444,6144
672,0.24723307291666666,1519,6144
673,0.2501627604166667,1537,6144
674,0.24055989583333334,1478,6144
675,0.23616536458333334,1451,6144
676,0.24283854166666666,1492,6144
677,0.24641927083333334,1514,6144
678,0.22184244791666666,1363,6144
679,0.24788411458333334,1523,6144
680,0.24886067708333334,1529,6144
681,0.24365234375,1497,6144
682,0.22574869791666666,1387,6144
683,0.20914713541666666,1285,6144
684,0.23502604166666666,1444,6144
685,0.22249348958333334,1367,6144
686,0.22737630208333334,1397,6144
687,0.2470703125,1518,6144
688,0.24544270833333334,1508,6144
689,0.23388671875,1437,6144
690,0.23307291666666666,1432,6144
691,0.23258463541666666,1429,6144
692,0.24495442708333334,1505,6144
693,0.24820963541666666,1525,6144
694,0.24576822916666666,1510,6144
695,0.2643229166666667,1624,6144
696,0.2571614583333333,1580,6144
697,0.24381510416666666,1498,6144
698,0.24039713541666666,1477,6144
699,0.23893229166666666,1468,6144
700,0.25341796875,1557,6144
701,0.25,1536,6144
702,0.232421875,1428,6144
703,0.25048828125,1539,6144
704,0.23714192708333334,1457,6144
705,0.22477213541666666,1381,6144
706,0.240234375,1476,6144
707,0.24267578125,1491,6144
708,0.24495442708333334,1505,6144
709,0.24251302083333334,1490,6144
710,0.24251302083333334,1490,6144
711,0.24934895833333334,1532,6144
712,0.2451171875,1506,6144
713,0.23893229166666666,1468,6144
714,0.2579752604166667,1585,6144
715,0.23502604166666666,1444,6144
716,0.26171875,1608,6144
717,0.26171875,1608,6144
718,0.2470703125,1518,6144
719,0.25146484375,1545,6144
720,0.2556966145833333,1571,6144
721,0.24576822916666666,1510,6144
722,0.24300130208333334,1493,6144
723,0.24462890625,1503,6144
724,0.24072265625,1479,6144
725,0.24381510416666666,1498,6144
726,0.224609375,1380,6144
727,0.22249348958333334,1367,6144
728,0.21468098958333334,1319,6144
729,0.19873046875,1221,6144
730,0.23518880208333334,1445,6144
731,0.23160807291666666,1423,6144
732,0.24772135416666666,1522,6144
733,0.23079427083333334,1418,6144
734,0.2529296875,1554,6144
735,0.24772135416666666,1522,6144
736,0.2643229166666667,1624,6144
737,0.24739583333333334,1520,6144
738,0.25634765625,1575,6144
739,0.24300130208333334,1493,6144
740,0.2451171875,1506,6144
741,0.24186197916666666,1486,6144
742,0.2490234375,1530,6144
743,0.23291015625,1431,6144
744,0.2685546875,1650,6144
745,0.23567708333333334,1448,6144
746,0.25048828125,1539,6144
747,0.23616536458333334,1451,6144
748,0.24625651041666666,1513,6144
749,0.23746744791666666,1459,6144
750,0.2618815104166667,1609,6144
751,0.2581380208333333,1586,6144
752,0.25048828125,1539,6144
753,0.27001953125,1659,6144
754,0.25146484375,1545,6144
755,0.26171875,1608,6144
756,0.2509765625,1542,6144
757,0.24300130208333334,1493,6144
758,0.2555338541666667,1570,6144
759,0.26953125,1656,6144
760,0.2412109375,1482,6144
761,0.2579752604166667,1585,6144
762,0.2451171875,1506,6144
763,0.2552083333333333,1568,6144
764,0.2537434895833333,1559,6144
765,0.24934895833333334,1532,6144
766,0.2705078125,1662,6144
767,0.2796223958333333,1718,6144
768,0.2825520833333333,1736,6144
769,0.2610677083333333,1604,6144
770,0.24104817708333334,1481,6144
771,0.2353515625,1446,6144
772,0.232421875,1428,6144
773,0.21988932291666666,1351,6144
774,0.2333984375,1434,6144
775,0.2643229166666667,1624,6144
776,0.22802734375,1401,6144
777,0.24625651041666666,1513,6144
778,0.2628580729166667,1615,6144
779,0.2609049479166667,1603,6144
780,0.2530924479166667,1555,6144
781,0.2526041666666667,1552,6144
782,0.2568359375,1578,6144
783,0.2517903645833333,1547,6144
784,0.23453776041666666,1441,6144
785,0.24283854166666666,1492,6144
786,0.228515625,1404,6144
787,0.23876953125,1467,6144
788,0.23111979166666666,1420,6144
789,0.22591145833333334,1388,6144
790,0.24609375,1512,6144
791,0.23860677083333334,1466,6144
792,0.24381510416666666,1498,6144
793,0.23714192708333334,1457,6144
794,0.24283854166666666,1492,6144
795,0.2569986979166667,1579,6144
796,0.24251302083333334,1490,6144
797,0.2679036458333333,1646,6144
798,0.23795572916666666,1462,6144
799,0.2568359375,1578,6144
800,0.23893229166666666,1468,6144
801,0.2682291666666667,1648,6144
802,0.2628580729166667,1615,6144
803,0.2610677083333333,1604,6144
804,0.2548828125,1566,6144
805,0.2677408854166667,1645,6144
806,0.24983723958333334,1535,6144
807,0.24967447916666666,1534,6144
808,0.24267578125,1491,6144
809,0.259765625,1596,6144
810,0.26416015625,1623,6144
811,0.2711588541666667,1666,6144
812,0.25830078125,1587,6144
813,0.2639973958333333,1622,6144
814,0.24039713541666666,1477,6144
815,0.2599283854166667,1597,6144
816,0.2516276041666667,1546,6144
817,0.2353515625,1446,6144
818,0.25244140625,1551,6144
819,0.24267578125,1491,6144
820,0.2578125,1584,6144
821,0.2649739583333333,1628,6144
822,0.26513671875,1629,6144
823,0.2639973958333333,1622,6144
824,0.24723307291666666,1519,6144
825,0.2635091145833333,1619,6144
826,0.2537434895833333,1559,6144
827,0.24934895833333334,1532,6144
828,0.2605794270833333,1601,6144
829,0.2648111979166667,1627,6144
830,0.2745768229166667,1687,6144
831,0.25439453125,1563,6144
832,0.24348958333333334,1496,6144
833,0.22705078125,1395,6144
834,0.24235026041666666,1489,6144
835,0.2581380208333333,1586,6144
836,0.2763671875,1698,6144
837,0.2903645833333333,1784,6144
838,0.2766927083333333,1700,6144
839,0.25830078125,1587,6144
840,0.23763020833333334,1460,6144
841,0.2571614583333333,1580,6144
842,0.24869791666666666,1528,6144
843,0.23714192708333334,1457,6144
844,0.24169921875,1485,6144
845,0.24593098958333334,1511,6144
846,0.2765299479166667,1699,6144
847,0.2662760416666667,1636,6144
848,0.2814127604166667,1729,6144
849,0.2566731770833333,1577,6144
850,0.2537434895833333,1559,6144
851,0.23763020833333334,1460,6144
852,0.24267578125,1491,6144
853,0.24527994791666666,1507,6144
854,0.24283854166666666,1492,6144
855,0.24088541666666666,1480,6144
856,0.24430338541666666,1501,6144
857,0.23274739583333334,1430,6144
858,0.23990885416666666,1474,6144
859,0.24430338541666666,1501,6144
860,0.2615559895833333,1607,6144
861,0.2578125,1584,6144
862,0.2630208333333333,1616,6144
863,0.2530924479166667,1555,6144
864,0.2566731770833333,1577,6144
865,0.2664388020833333,1637,6144
866,0.2596028645833333,1595,6144
867,0.2666015625,1638,6144
868,0.2737630208333333,1682,6144
869,0.2633463541666667,1618,6144
870,0.2672526041666667,1642,6144
871,0.2620442708333333,1610,6144
872,0.24576822916666666,1510,6144
873,0.24820963541666666,1525,6144
874,0.22428385416666666,1378,6144
875,0.22688802083333334,1394,6144
876,0.23958333333333334,1472,6144
877,0.22151692708333334,1361,6144
878,0.2692057291666667,1654,6144
879,0.25732421875,1581,6144
880,0.26220703125,1611,6144
881,0.2630208333333333,1616,6144
882,0.24625651041666666,1513,6144
883,0.2589518229166667,1591,6144
884,0.24576822916666666,1510,6144
885,0.25634765625,1575,6144
886,0.24918619791666666,1531,6144
887,0.2565104166666667,1576,6144
888,0.2639973958333333,1622,6144
889,0.2569986979166667,1579,6144
890,0.2607421875,1602,6144
891,0.25244140625,1551,6144
892,0.2571614583333333,1580,6144
893,0.23990885416666666,1474,6144
894,0.23063151041666666,1417,6144
895,0.2265625,1392,6144
896,0.232421875,1428,6144
897,0.2431640625,1494,6144
898,0.2527669270833333,1553,6144
899,0.24625651041666666,1513,6144
900,0.2552083333333333,1568,6144
901,0.25048828125,1539,6144
902,0.25439453125,1563,6144
903,0.27392578125,1683,6144
904,0.2604166666666667,1600,6144
905,0.23860677083333334,1466,6144
906,0.24332682291666666,1495,6144
907,0.2581380208333333,1586,6144
908,0.2566731770833333,1577,6144
909,0.2682291666666667,1648,6144
910,0.2470703125,1518,6144
911,0.2578125,1584,6144
912,0.2644856770833333,1625,6144
913,0.2692057291666667,1654,6144
914,0.2513020833333333,1544,6144
915,0.2550455729166667,1567,6144
916,0.23697916666666666,1456,6144
917,0.23746744791666666,1459,6144
918,0.24527994791666666,1507,6144
919,0.2692057291666667,1654,6144
920,0.2664388020833333,1637,6144
921,0.2677408854166667,1645,6144
922,0.248046875,1524,6144
923,0.2594401041666667,1594,6144
924,0.2783203125,1710,6144
925,0.2750651041666667,1690,6144
926,0.2576497395833333,1583,6144
927,0.2532552083333333,1556,6144
928,0.2731119791666667,1678,6144
929,0.2791341145833333,1715,6144
930,0.2786458333333333,1712,6144
931,0.2579752604166667,1585,6144
932,0.2643229166666667,1624,6144
933,0.2721354166666667,1672,6144
934,0.2540690104166667,1561,6144
935,0.2732747395833333,1679,6144
936,0.26708984375,1641,6144
937,0.2804361979166667,1723,6144
938,0.26953125,1656,6144
939,0.2745768229166667,1687,6144
940,0.2755533854166667,1693,6144
941,0.28076171875,1725,6144
942,0.28271484375,1737,6144
943,0.2766927083333333,1700,6144
944,0.287109375,1764,6144
945,0.2727864583333333,1676,6144
946,0.2708333333333333,1664,6144
947,0.2568359375,1578,6144
948,0.2708333333333333,1664,6144
949,0.2682291666666667,1648,6144
950,0.2752278645833333,1691,6144
951,0.2692057291666667,1654,6144
952,0.2747395833333333,1688,6144
953,0.2666015625,1638,6144
954,0.2609049479166667,1603,6144
955,0.24235026041666666,1489,6144
956,0.2431640625,1494,6144
957,0.2687174479166667,1651,6144
958,0.2664388020833333,1637,6144
959,0.27783203125,1707,6144
960,0.2784830729166667,1711,6144
961,0.2727864583333333,1676,6144
962,0.27490234375,1689,6144
963,0.2898763020833333,1781,6144
964,0.2726236979166667,1675,6144
965,0.2815755208333333,1730,6144
966,0.2828776041666667,1738,6144
967,0.275390625,1692,6144
968,0.2799479166666667,1720,6144
969,0.2638346354166667,1621,6144
970,0.2630208333333333,1616,6144
971,0.2804361979166667,1723,6144
972,0.2692057291666667,1654,6144
973,0.296875,1824,6144
974,0.2679036458333333,1646,6144
975,0.25634765625,1575,6144
976,0.2535807291666667,1558,6144
977,0.24820963541666666,1525,6144
978,0.2599283854166667,1597,6144
979,0.2706705729166667,1663,6144
980,0.24967447916666666,1534,6144
981,0.24251302083333334,1490,6144
982,0.2722981770833333,1673,6144
983,0.2548828125,1566,6144
984,0.2571614583333333,1580,6144
985,0.25244140625,1551,6144
986,0.26953125,1656,6144
987,0.26220703125,1611,6144
988,0.2599283854166667,1597,6144
989,0.2662760416666667,1636,6144
990,0.26416015625,1623,6144
991,0.2731119791666667,1678,6144
992,0.2552083333333333,1568,6144
993,0.2526041666666667,1552,6144
994,0.24365234375,1497,6144
995,0.2599283854166667,1597,6144
996,0.2517903645833333,1547,6144
997,0.2578125,1584,6144
998,0.2643229166666667,1624,6144
999,0.25634765625,1575,6144
1000,0.27392578125,1683,6144
1001,0.24820963541666666,1525,6144
1002,0.24658203125,1515,6144
1003,0.24593098958333334,1511,6144
1004,0.2776692708333333,1706,6144
1005,0.2607421875,1602,6144
1006,0.2604166666666667,1600,6144
1007,0.2736002604166667,1681,6144
1008,0.26416015625,1623,6144
1009,0.2620442708333333,1610,6144
1010,0.26708984375,1641,6144
1011,0.2649739583333333,1628,6144
1012,0.2669270833333333,1640,6144
1013,0.2605794270833333,1601,6144
1014,0.2703450520833333,1661,6144
1015,0.2503255208333333,1538,6144
1016,0.25,1536,6144
1017,0.2625325520833333,1613,6144
1018,0.2644856770833333,1625,6144
1019,0.2652994791666667,1630,6144
1020,0.2732747395833333,1679,6144
1021,0.2530924479166667,1555,6144
1022,0.26953125,1656,6144
1023,0.2705078125,1662,6144
