model,system,category,value,published_value,note
Qwen3-30B-A3B,GPU Only,GPU-SM,0.06634061039,,"real 224-request trace, B=14"
Qwen3-30B-A3B,GPU Only,GPU-HBM,0.1386090099,,"real 224-request trace, B=14"
Qwen3-30B-A3B,GPU Only,PCIe,0,,"real 224-request trace, B=14"
Qwen3-30B-A3B,GPU Only,SSD-Flash,0,,"real 224-request trace, B=14"
Qwen3-30B-A3B,GPU Only,SSD-EPU,0,,"real 224-request trace, B=14"
Qwen3-30B-A3B,GPU Only,Total,0.2049496203,,"real 224-request trace, B=14"
Qwen3-30B-A3B,DeepSpeed-NVMe,GPU-SM,0.07596579131,,"real 224-request trace, B=32"
Qwen3-30B-A3B,DeepSpeed-NVMe,GPU-HBM,0.174718556,,"real 224-request trace, B=32"
Qwen3-30B-A3B,DeepSpeed-NVMe,PCIe,0.0534866043,,"real 224-request trace, B=32"
Qwen3-30B-A3B,DeepSpeed-NVMe,SSD-Flash,0.0845088348,,"real 224-request trace, B=32"
Qwen3-30B-A3B,DeepSpeed-NVMe,SSD-EPU,0,,"real 224-request trace, B=32"
Qwen3-30B-A3B,DeepSpeed-NVMe,Total,0.3886797864,,"real 224-request trace, B=32"
Qwen3-30B-A3B,ASTRA,GPU-SM,0.04334936291,,"real 224-request trace, B=32"
Qwen3-30B-A3B,ASTRA,GPU-HBM,0.05524746113,,"real 224-request trace, B=32"
Qwen3-30B-A3B,ASTRA,PCIe,2.676416116e-05,,"real 224-request trace, B=32"
Qwen3-30B-A3B,ASTRA,SSD-Flash,0.03109802755,,"real 224-request trace, B=32"
Qwen3-30B-A3B,ASTRA,SSD-EPU,0.01688491943,,"real 224-request trace, B=32"
Qwen3-30B-A3B,ASTRA,Total,0.1466065352,,"real 224-request trace, B=32"
