workload,policy,gpu_routed_token_coverage,activation_coverage,ssd_routed_tokens,n_events_compared,n_events_total,gpu_budget,window_size,swap_frequency,num_experts,num_layers
arxiv,Static,0.09989121674012406,0.09391740905655147,5646404,49008,49152,12,8,4,128,48
arxiv,LRU,0.18098767038034608,0.15817806134742526,5137684,49008,49152,12,8,4,128,48
arxiv,LFU,0.24437320820070194,0.17640206889950258,4740065,49008,49152,12,8,4,128,48
arxiv,WeightedLFU,0.36774640109777995,0.189120123579447,3966142,49008,49152,12,8,4,128,48
arxiv,THER,0.378937494898792,0.1903942065532755,3895940,49008,49152,12,8,4,128,48
arxiv,Oracle,0.4005796885202416,0.1932387783326677,3760178,49008,49152,12,8,4,128,48
freelaw,Static,0.10384831940703558,0.0988090395515719,5621581,49008,49152,12,8,4,128,48
freelaw,LRU,0.21906404311540972,0.18921280074382021,4898830,49008,49152,12,8,4,128,48
freelaw,LFU,0.30134381759100554,0.2112160423927264,4382687,49008,49152,12,8,4,128,48
freelaw,WeightedLFU,0.4456297313703885,0.22313075121758155,3477578,49008,49152,12,8,4,128,48
freelaw,THER,0.46452954747184133,0.22619649669474315,3359019,49008,49152,12,8,4,128,48
freelaw,Oracle,0.48809967887895855,0.2296862950811433,3211163,49008,49152,12,8,4,128,48
github,Static,0.09153814810847209,0.09321692322882127,5698803,49008,49152,12,8,4,128,48
github,LRU,0.15565331808072153,0.1458861111492993,5296607,49008,49152,12,8,4,128,48
github,LFU,0.21909688214169115,0.16614154432211725,4898624,49008,49152,12,8,4,128,48
github,WeightedLFU,0.3198041327436337,0.17771839861222724,4266885,49008,49152,12,8,4,128,48
github,THER,0.3303384460190173,0.17975712727040946,4200803,49008,49152,12,8,4,128,48
github,Oracle,0.3580521930093046,0.18284068483785781,4026954,49008,49152,12,8,4,128,48
hackernews,Static,0.11031043401077376,0.09940161470496313,5581044,49008,49152,12,8,4,128,48
hackernews,LRU,0.20349961996000654,0.17959581426862625,4996466,49008,49152,12,8,4,128,48
hackernews,LFU,0.29447966403444337,0.20411105678234637,4425746,49008,49152,12,8,4,128,48
hackernews,WeightedLFU,0.41778064295625206,0.21205606829911508,3652276,49008,49152,12,8,4,128,48
hackernews,THER,0.4558753481574437,0.22005316952577073,3413307,49008,49152,12,8,4,128,48
hackernews,Oracle,0.47701602927073133,0.22264967046604703,3280691,49008,49152,12,8,4,128,48
mixed,Static,0.10128065825987594,0.09730192623604578,5637688,49008,49152,12,8,4,128,48
mixed,LRU,0.14529260528893242,0.13442345849343323,5361600,49008,49152,12,8,4,128,48
mixed,LFU,0.1786688525342801,0.14675299234039219,5152230,49008,49152,12,8,4,128,48
mixed,WeightedLFU,0.24733398118674502,0.15320782808000472,4721492,49008,49152,12,8,4,128,48
mixed,THER,0.2655631478534117,0.15715041320463774,4607140,49008,49152,12,8,4,128,48
mixed,Oracle,0.2975134480595005,0.1627102754044592,4406715,49008,49152,12,8,4,128,48
pile_cc,Static,0.11226084899404179,0.10040032048768482,5568809,49008,49152,12,8,4,128,48
pile_cc,LRU,0.19815530755182828,0.17440124494359122,5029991,49008,49152,12,8,4,128,48
pile_cc,LFU,0.2651086621061867,0.19443895320366616,4609991,49008,49152,12,8,4,128,48
pile_cc,WeightedLFU,0.38129696299583743,0.20425488239569242,3881139,49008,49152,12,8,4,128,48
pile_cc,THER,0.41154521328150506,0.20900979496811206,3691391,49008,49152,12,8,4,128,48
pile_cc,Oracle,0.4347290875979432,0.21165161384052883,3545958,49008,49152,12,8,4,128,48
pubmed_central,Static,0.09850735466658504,0.09674181981522018,5655085,49008,49152,12,8,4,128,48
pubmed_central,LRU,0.17707360915564807,0.1604853631945051,5162237,49008,49152,12,8,4,128,48
pubmed_central,LFU,0.24548319917156383,0.17905102471296133,4733102,49008,49152,12,8,4,128,48
pubmed_central,WeightedLFU,0.39539590475024483,0.19307390957004647,3792696,49008,49152,12,8,4,128,48
pubmed_central,THER,0.401999099636794,0.19367821925582904,3751274,49008,49152,12,8,4,128,48
pubmed_central,Oracle,0.42536024093005226,0.1972302247917374,3604729,49008,49152,12,8,4,128,48
stackexchange,Static,0.09659870582353901,0.09339190345615302,5667058,49008,49152,12,8,4,128,48
stackexchange,LRU,0.15529974060357493,0.14022989048812307,5298825,49008,49152,12,8,4,128,48
stackexchange,LFU,0.2060398621143487,0.15747344884750605,4980531,49008,49152,12,8,4,128,48
stackexchange,WeightedLFU,0.3216647983492491,0.16997787084059504,4255213,49008,49152,12,8,4,128,48
stackexchange,THER,0.3238733025730493,0.1701137050189548,4241359,49008,49152,12,8,4,128,48
stackexchange,Oracle,0.3444593867327783,0.17266827344719388,4112222,49008,49152,12,8,4,128,48
wikipedia,Static,0.10851863471269997,0.10324356369777875,5592284,49008,49152,12,8,4,128,48
wikipedia,LRU,0.1955326490062847,0.1725801410488194,5046443,49008,49152,12,8,4,128,48
wikipedia,LFU,0.26527094428460657,0.19193026700062654,4608973,49008,49152,12,8,4,128,48
wikipedia,WeightedLFU,0.41558521057786485,0.20694197327843164,3666048,49008,49152,12,8,4,128,48
wikipedia,THER,0.4268474024649037,0.2079713801938095,3595400,49008,49152,12,8,4,128,48
wikipedia,Oracle,0.4457456244388671,0.21007033802683628,3476851,49008,49152,12,8,4,128,48
