workload,gpu_budget,window_size,swap_frequency,weighted_lfu,ther,oracle,ther_minus_weighted_lfu,oracle_minus_ther
mixed,12,4,2,0.24781029167684915,0.2773715926910231,0.31420142707315085,0.02956130101417398,0.036829834382127724
mixed,12,8,2,0.24781029167684915,0.27267413296269144,0.31420142707315085,0.024863841285842292,0.04152729411045941
mixed,12,16,2,0.24781029167684915,0.2703277100643532,0.31420142707315085,0.02251741838750404,0.043873717008797664
mixed,12,32,2,0.24781029167684915,0.27010210471652,0.31420142707315085,0.02229181303967087,0.04409932235663083
mixed,12,4,4,0.24733398118674502,0.2649766683500653,0.2975134480595005,0.017642687163320264,0.03253677970943519
mixed,12,8,4,0.24733398118674502,0.2655631478534117,0.2975134480595005,0.018229166666666657,0.0319503002060888
mixed,12,16,4,0.24733398118674502,0.2667128325987594,0.2975134480595005,0.01937885141201437,0.030800615460741088
mixed,12,32,4,0.24733398118674502,0.2680660874245021,0.2975134480595005,0.020732106237757092,0.029447360634998365
mixed,12,4,8,0.24692099542158308,0.25682697527450016,0.28633622301089806,0.00990597985291708,0.029509247736397903
mixed,12,8,8,0.24692099542158308,0.26076843401753524,0.28633622301089806,0.013847438595952166,0.025567788993362817
mixed,12,16,8,0.24692099542158308,0.26448407668592266,0.28633622301089806,0.017563081264339586,0.021852146324975397
mixed,12,32,8,0.24692099542158308,0.26651898199360863,0.28633622301089806,0.01959798657202555,0.019817241017289433
arxiv,12,4,2,0.36809294431207235,0.38694769647075594,0.412853013501955,0.018854752158683596,0.025905317031199082
arxiv,12,8,2,0.36809294431207235,0.3838530211388074,0.412853013501955,0.01576007682673508,0.028999992363147598
arxiv,12,16,2,0.36809294431207235,0.3821466619318182,0.412853013501955,0.014053717619745831,0.030706351570136847
arxiv,12,32,2,0.36809294431207235,0.3813419286107038,0.412853013501955,0.013248984298631472,0.031511084891251206
arxiv,12,4,4,0.36774640109777995,0.37820977569988573,0.4005796885202416,0.01046337460210578,0.022369912820355886
arxiv,12,8,4,0.36774640109777995,0.378937494898792,0.4005796885202416,0.011191093801012075,0.02164219362144959
arxiv,12,16,4,0.36774640109777995,0.3798091638099902,0.4005796885202416,0.01206276271221024,0.020770524710251426
arxiv,12,32,4,0.36774640109777995,0.37996124357247796,0.4005796885202416,0.012214842474698007,0.02061844494776366
arxiv,12,4,8,0.3674277196513438,0.37199669421910847,0.3930094321021796,0.004568974567764672,0.02101273788307112
arxiv,12,8,8,0.3674277196513438,0.3751824453048181,0.3930094321021796,0.0077547256534742925,0.0178269867973615
arxiv,12,16,8,0.3674277196513438,0.3779746586672402,0.3930094321021796,0.010546939015896428,0.015034773434939364
arxiv,12,32,8,0.3674277196513438,0.3788377529908227,0.3930094321021796,0.011410033339478876,0.014171679111356916
pubmed_central,12,4,2,0.39573819088058,0.41018520639866407,0.4378982300321766,0.014447015518084083,0.027713023633512524
pubmed_central,12,8,2,0.39573819088058,0.40750705772442164,0.4378982300321766,0.011768866843841652,0.030391172307754954
pubmed_central,12,16,2,0.39573819088058,0.4051124271953405,0.4378982300321766,0.009374236314760531,0.032785802836836075
pubmed_central,12,32,2,0.39573819088058,0.4043722889173998,0.4378982300321766,0.008634098036819804,0.0335259411147768
pubmed_central,12,4,4,0.39539590475024483,0.40063803358635325,0.42536024093005226,0.005242128836108417,0.02472220734369901
pubmed_central,12,8,4,0.39539590475024483,0.401999099636794,0.42536024093005226,0.006603194886549146,0.02336114129325828
pubmed_central,12,16,4,0.39539590475024483,0.4021728595331375,0.42536024093005226,0.006776954782892641,0.023187381396914786
pubmed_central,12,32,4,0.39539590475024483,0.40278070034484165,0.42536024093005226,0.007384795594596816,0.02257954058521061
pubmed_central,12,4,8,0.3950211316474107,0.3944312251618322,0.4170033902818748,-0.0005899064855784952,0.022572165120042564
pubmed_central,12,8,8,0.3950211316474107,0.3977009971116027,0.4170033902818748,0.0026798654641920217,0.019302393170272047
pubmed_central,12,16,8,0.3950211316474107,0.39987785766961653,0.4170033902818748,0.004856726022205826,0.017125532612258243
pubmed_central,12,32,8,0.3950211316474107,0.4014007958456244,0.4170033902818748,0.006379664198213675,0.015602594436250394
github,12,4,2,0.3203125,0.34001621558325185,0.37265039507983055,0.019703715583251846,0.03263417949657871
github,12,8,2,0.3203125,0.33647128416218636,0.37265039507983055,0.016158784162186357,0.0361791109176442
github,12,16,2,0.3203125,0.3345355011811665,0.37265039507983055,0.014223001181166484,0.03811489389866407
github,12,32,2,0.3203125,0.3334709557775334,0.37265039507983055,0.013158455777533384,0.03917943930229717
github,12,4,4,0.3198041327436337,0.328686292289014,0.3580521930093046,0.008882159545380353,0.02936590072029055
github,12,8,4,0.3198041327436337,0.3303384460190173,0.3580521930093046,0.010534313275383622,0.02771374699028728
github,12,16,4,0.3198041327436337,0.3306834152077212,0.3580521930093046,0.010879282464087536,0.027368777801583366
github,12,32,4,0.3198041327436337,0.33136968709190334,0.3580521930093046,0.011565554348269669,0.026682505917401234
github,12,4,8,0.31940331423098983,0.3216845207001803,0.3479952141715831,0.0022812064691904443,0.026310693471402802
github,12,8,8,0.31940331423098983,0.32653628549041297,0.3479952141715831,0.007132971259423138,0.02145892868117011
github,12,16,8,0.31940331423098983,0.32823542742133727,0.3479952141715831,0.008832113190347435,0.01975978675024581
github,12,32,8,0.31940331423098983,0.3301104530276958,0.3479952141715831,0.010707138796705984,0.017884761143887262
stackexchange,12,4,2,0.3218685086754643,0.3303829626914304,0.35744605836591725,0.008514454015966122,0.027063095674486837
stackexchange,12,8,2,0.3218685086754643,0.3281121128115836,0.35744605836591725,0.006243604136119296,0.029333945554333662
stackexchange,12,16,2,0.3218685086754643,0.32742368238840014,0.35744605836591725,0.005555173712935846,0.030022375977517113
stackexchange,12,32,2,0.3218685086754643,0.32633590822539915,0.35744605836591725,0.0044673995499348584,0.0311101501405181
stackexchange,12,4,4,0.3216647983492491,0.3225304095759876,0.3444593867327783,0.0008656112267385052,0.021928977156790708
stackexchange,12,8,4,0.3216647983492491,0.3238733025730493,0.3444593867327783,0.0022085042238002006,0.020586084159729012
stackexchange,12,16,4,0.3216647983492491,0.32512214204823703,0.3444593867327783,0.0034573436989879247,0.019337244684541288
stackexchange,12,32,4,0.3216647983492491,0.3251946748490042,0.3444593867327783,0.0035298764997551135,0.0192647118837741
stackexchange,12,4,8,0.32162258532038673,0.3168626833415274,0.33703569270321204,-0.004759901978859338,0.020173009361684646
stackexchange,12,8,8,0.32162258532038673,0.32070251684898393,0.33703569270321204,-0.0009200684714028018,0.01633317585422811
stackexchange,12,16,8,0.32162258532038673,0.32348736838331693,0.33703569270321204,0.0018647830629301976,0.013548324319895111
stackexchange,12,32,8,0.32162258532038673,0.32437702930391676,0.33703569270321204,0.0027544439835300305,0.012658663399295278
wikipedia,12,4,2,0.4158789571623493,0.4325939587406321,0.45675314129195177,0.016715001578282818,0.024159182551319658
wikipedia,12,8,2,0.4158789571623493,0.43078434292521994,0.45675314129195177,0.014905385762870649,0.025968798366731827
wikipedia,12,16,2,0.4158789571623493,0.43071179282746824,0.45675314129195177,0.014832835665118949,0.026041348464483527
wikipedia,12,32,2,0.4158789571623493,0.43071131552419356,0.45675314129195177,0.014832358361844267,0.02604182576775821
wikipedia,12,4,4,0.41558521057786485,0.4245239616491185,0.4457456244388671,0.008938751071253637,0.02122166278974863
wikipedia,12,8,4,0.41558521057786485,0.4268474024649037,0.4457456244388671,0.011262191887038864,0.018898221973963403
wikipedia,12,16,4,0.41558521057786485,0.4288968127652628,0.4457456244388671,0.013311602187397964,0.016848811673604303
wikipedia,12,32,4,0.41558521057786485,0.42972623729799214,0.4457456244388671,0.014141026720127292,0.016019387140874974
wikipedia,12,4,8,0.4153780266715831,0.4204660101196329,0.43840294421910847,0.005087983448049838,0.017936934099475554
wikipedia,12,8,8,0.4153780266715831,0.42448172730252376,0.43840294421910847,0.009103700630940681,0.013921216916584711
wikipedia,12,16,8,0.4153780266715831,0.42792402209316616,0.43840294421910847,0.012545995421583078,0.010478922125942314
wikipedia,12,32,8,0.4153780266715831,0.42926995631555226,0.43840294421910847,0.01389192964396918,0.009132987903556211
freelaw,12,4,2,0.44604277401026393,0.4731854202305311,0.5010806146138808,0.027142646220267186,0.027895194383349642
freelaw,12,8,2,0.44604277401026393,0.4697992716988433,0.5010806146138808,0.023756497688579348,0.03128134291503748
freelaw,12,16,2,0.44604277401026393,0.46752619440371457,0.5010806146138808,0.021483420393450636,0.03355442021016619
freelaw,12,32,2,0.44604277401026393,0.4675922213567123,0.5010806146138808,0.02154944734644837,0.03348839325716846
freelaw,12,4,4,0.4456297313703885,0.46429919604962455,0.48809967887895855,0.018669464679236025,0.023800482829334002
freelaw,12,8,4,0.4456297313703885,0.46452954747184133,0.48809967887895855,0.018899816101452804,0.023570131407117223
freelaw,12,16,4,0.4456297313703885,0.4649338182031505,0.48809967887895855,0.01930408683276197,0.02316586067580806
freelaw,12,32,4,0.4456297313703885,0.4661879182990532,0.48809967887895855,0.02055818692866468,0.02191176057990535
freelaw,12,4,8,0.44518462824688626,0.45653752739880366,0.4797085612299246,0.011352899151917395,0.023171033831120957
freelaw,12,8,8,0.44518462824688626,0.46030630326122585,0.4797085612299246,0.015121675014339586,0.019402257968698766
freelaw,12,16,8,0.44518462824688626,0.46268305345583416,0.4797085612299246,0.0174984252089479,0.017025507774090454
freelaw,12,32,8,0.44518462824688626,0.46509037124098657,0.4797085612299246,0.019905742994100306,0.014618189988938046
hackernews,12,4,2,0.41838591306207235,0.462818552205523,0.4894487338098729,0.044432639143450636,0.026630181604349934
hackernews,12,8,2,0.41838591306207235,0.46070568970959597,0.4894487338098729,0.04231977664752362,0.02874304410027695
hackernews,12,16,2,0.41838591306207235,0.45999403052704463,0.4894487338098729,0.04160811746497228,0.029454703282828287
hackernews,12,32,2,0.41838591306207235,0.45903035521546104,0.4894487338098729,0.040644442153388693,0.030418378594411877
hackernews,12,4,4,0.41778064295625206,0.4542099631692785,0.47701602927073133,0.03642932021302642,0.02280606610145286
hackernews,12,8,4,0.41778064295625206,0.4558753481574437,0.47701602927073133,0.038094705201191625,0.02114068111328765
hackernews,12,16,4,0.41778064295625206,0.457501198783872,0.47701602927073133,0.03972055582761996,0.019514830486859314
hackernews,12,32,4,0.41778064295625206,0.4576566262140875,0.47701602927073133,0.03987598325783542,0.019359403056643854
hackernews,12,4,8,0.41712646084275645,0.4486456476872337,0.46916226237299247,0.03151918684447724,0.02051661468575877
hackernews,12,8,8,0.41712646084275645,0.45338154370493283,0.46916226237299247,0.03625508286217638,0.015780718668059635
hackernews,12,16,8,0.41712646084275645,0.45618960100172073,0.46916226237299247,0.03906314015896428,0.012972661371271732
hackernews,12,32,8,0.41712646084275645,0.4569473891756801,0.46916226237299247,0.039820928332923666,0.012214873197312348
pile_cc,12,4,2,0.38177293346774194,0.4195273042929293,0.44773195029936463,0.037754370825187344,0.028204646006435352
pile_cc,12,8,2,0.38177293346774194,0.4166488473444119,0.44773195029936463,0.03487591387666994,0.031083102954952757
pile_cc,12,16,2,0.38177293346774194,0.41516220674486803,0.44773195029936463,0.0333892732771261,0.0325697435544966
pile_cc,12,32,2,0.38177293346774194,0.4157370389886771,0.44773195029936463,0.03396410552093515,0.031994911310687546
pile_cc,12,4,4,0.38129696299583743,0.4098705823539014,0.4347290875979432,0.028573619358063962,0.024858505244041817
pile_cc,12,8,4,0.38129696299583743,0.41154521328150506,0.4347290875979432,0.030248250285667633,0.023183874316438147
pile_cc,12,16,4,0.38129696299583743,0.41248527026199805,0.4347290875979432,0.03118830726616062,0.02224381733594516
pile_cc,12,32,4,0.38129696299583743,0.41432170512977473,0.4347290875979432,0.0330247421339373,0.020407382468168478
pile_cc,12,4,8,0.380808002243117,0.4034177767023107,0.42643021115003277,0.02260977445919371,0.023012434447722052
pile_cc,12,8,8,0.380808002243117,0.4080826150749754,0.42643021115003277,0.02727461283185839,0.01834759607505737
pile_cc,12,16,8,0.380808002243117,0.4112065908206326,0.42643021115003277,0.030398588577515595,0.015223620329400167
pile_cc,12,32,8,0.380808002243117,0.41342394143313665,0.42643021115003277,0.03261593919001965,0.013006269716896113
