workload,num_experts,num_layers,policy,gpu_routed_token_coverage,activation_coverage,ssd_routed_tokens,n_events_compared,gpu_budget,window_size,swap_frequency
mixed,128,48,WeightedLFU,0.14562482145772118,0.07865832328190547,5359516,49008,6,8,4
mixed,128,48,THER,0.1605037697926869,0.08041496771882495,5266180,49008,6,8,4
mixed,128,48,Oracle,0.17781695080395038,0.08193905336538596,5157574,49008,6,8,4
mixed,128,48,WeightedLFU,0.24733398118674502,0.15320782808000472,4721492,49008,12,8,4
mixed,128,48,THER,0.2655631478534117,0.15715041320463774,4607140,49008,12,8,4
mixed,128,48,Oracle,0.2975134480595005,0.1627102754044592,4406715,49008,12,8,4
mixed,128,48,WeightedLFU,0.33356926420176297,0.22571859546804204,4180536,49008,18,8,4
mixed,128,48,THER,0.3526048999653118,0.23125355064940153,4061125,49008,18,8,4
mixed,128,48,Oracle,0.3959211697579987,0.2421650635688679,3789401,49008,18,8,4
mixed,128,48,WeightedLFU,0.4103910649791871,0.29576384788248367,3698631,49008,24,8,4
mixed,128,48,THER,0.42991992378795296,0.30281449308620345,3576126,49008,24,8,4
mixed,128,48,Oracle,0.48197966403444337,0.32006973965169355,3249554,49008,24,8,4
arxiv,128,48,WeightedLFU,0.23272778806521385,0.09627512270475272,4813117,49008,6,8,4
arxiv,128,48,THER,0.24334882187602025,0.09661905909302457,4746491,49008,6,8,4
arxiv,128,48,Oracle,0.25407044513140714,0.0969775187069048,4679234,49008,6,8,4
arxiv,128,48,WeightedLFU,0.36774640109777995,0.189120123579447,3966142,49008,12,8,4
arxiv,128,48,THER,0.378937494898792,0.1903942065532755,3895940,49008,12,8,4
arxiv,128,48,Oracle,0.4005796885202416,0.1932387783326677,3760178,49008,12,8,4
arxiv,128,48,WeightedLFU,0.468577674818397,0.2772685113363678,3333625,49008,18,8,4
arxiv,128,48,THER,0.4782774623530852,0.27950442793344404,3272778,49008,18,8,4
arxiv,128,48,Oracle,0.5103580027750572,0.2876156494357397,3071536,49008,18,8,4
arxiv,128,48,WeightedLFU,0.5488847165258733,0.3597386479537105,2829857,49008,24,8,4
arxiv,128,48,THER,0.558664210435031,0.36348332964751473,2768510,49008,24,8,4
arxiv,128,48,Oracle,0.5993055343005224,0.3791694035245228,2513566,49008,24,8,4
pubmed_central,128,48,WeightedLFU,0.2628950566744205,0.09846201161610013,4623877,49008,6,8,4
pubmed_central,128,48,THER,0.2675862550501959,0.09847921016184506,4594449,49008,6,8,4
pubmed_central,128,48,Oracle,0.278829476820111,0.0990565417366552,4523920,49008,6,8,4
pubmed_central,128,48,WeightedLFU,0.39539590475024483,0.19307390957004647,3792696,49008,12,8,4
pubmed_central,128,48,THER,0.401999099636794,0.19367821925582904,3751274,49008,12,8,4
pubmed_central,128,48,Oracle,0.42536024093005226,0.1972302247917374,3604729,49008,12,8,4
pubmed_central,128,48,WeightedLFU,0.49312739756774404,0.28220587873271674,3179624,49008,18,8,4
pubmed_central,128,48,THER,0.5001716875306073,0.2838282748813216,3135435,49008,18,8,4
pubmed_central,128,48,Oracle,0.5334994733002775,0.29328511445632194,2926369,49008,18,8,4
pubmed_central,128,48,WeightedLFU,0.572806193631652,0.36627473091863505,2679797,49008,24,8,4
pubmed_central,128,48,THER,0.5787347537646915,0.3682839257333072,2642607,49008,24,8,4
pubmed_central,128,48,Oracle,0.6198806189805746,0.3859286219884419,2384498,49008,24,8,4
github,128,48,WeightedLFU,0.1925383993429644,0.09040363390494806,5065226,49008,6,8,4
github,128,48,THER,0.19911720407892589,0.09105446483138387,5023957,49008,6,8,4
github,128,48,Oracle,0.2153680585312602,0.09174497676005554,4922015,49008,6,8,4
github,128,48,WeightedLFU,0.3198041327436337,0.17771839861222724,4266885,49008,12,8,4
github,128,48,THER,0.3303384460190173,0.17975712727040946,4200803,49008,12,8,4
github,128,48,Oracle,0.3580521930093046,0.18284068483785781,4026954,49008,12,8,4
github,128,48,WeightedLFU,0.4256457491634019,0.2625382593600298,3602938,49008,18,8,4
github,128,48,THER,0.43629117312479593,0.2654955875975309,3536159,49008,18,8,4
github,128,48,Oracle,0.47096679368674504,0.2725644300745753,3318638,49008,18,8,4
github,128,48,WeightedLFU,0.5164437438785504,0.34442141349354044,3033360,49008,24,8,4
github,128,48,THER,0.5246042419094842,0.3475102826912093,2982169,49008,24,8,4
github,128,48,Oracle,0.563769084894303,0.3599635559677103,2736487,49008,24,8,4
stackexchange,128,48,WeightedLFU,0.19900322396343453,0.0863046075543883,5024672,49008,6,8,4
stackexchange,128,48,THER,0.20021189142588966,0.08629397705347319,5017090,49008,6,8,4
stackexchange,128,48,Oracle,0.21141159351534444,0.08671653946484877,4946834,49008,6,8,4
stackexchange,128,48,WeightedLFU,0.3216647983492491,0.16997787084059504,4255213,49008,12,8,4
stackexchange,128,48,THER,0.3238733025730493,0.1701137050189548,4241359,49008,12,8,4
stackexchange,128,48,Oracle,0.3444593867327783,0.17266827344719388,4112222,49008,12,8,4
stackexchange,128,48,WeightedLFU,0.41757563816111654,0.25017525561925325,3653562,49008,18,8,4
stackexchange,128,48,THER,0.4198876012589781,0.25043215939136837,3639059,49008,18,8,4
stackexchange,128,48,Oracle,0.4483792824640875,0.2570673637125489,3460330,49008,18,8,4
stackexchange,128,48,WeightedLFU,0.4958809339801665,0.32644407972639455,3162351,49008,24,8,4
stackexchange,128,48,THER,0.4995322829946131,0.3271955970827543,3139446,49008,24,8,4
stackexchange,128,48,Oracle,0.5349388110104473,0.3394295318858922,2917340,49008,24,8,4
wikipedia,128,48,WeightedLFU,0.2620351843066438,0.10482136635846587,4629271,49008,6,8,4
wikipedia,128,48,THER,0.27265510222820766,0.1050697573725177,4562652,49008,6,8,4
wikipedia,128,48,Oracle,0.2833662042421645,0.10533427767319628,4495461,49008,6,8,4
wikipedia,128,48,WeightedLFU,0.41558521057786485,0.20694197327843164,3666048,49008,12,8,4
wikipedia,128,48,THER,0.4268474024649037,0.2079713801938095,3595400,49008,12,8,4
wikipedia,128,48,Oracle,0.4457456244388671,0.21007033802683628,3476851,49008,12,8,4
wikipedia,128,48,WeightedLFU,0.5249280092025792,0.3033893724488845,2980138,49008,18,8,4
wikipedia,128,48,THER,0.53523739108921,0.3059783021667725,2915467,49008,18,8,4
wikipedia,128,48,Oracle,0.5616166939581293,0.31272321140548454,2749989,49008,18,8,4
wikipedia,128,48,WeightedLFU,0.6071016147873817,0.3923857580549657,2464661,49008,24,8,4
wikipedia,128,48,THER,0.617720097994205,0.39732812990599137,2398051,49008,24,8,4
wikipedia,128,48,Oracle,0.6510633468005224,0.4117842718666531,2188888,49008,24,8,4
freelaw,128,48,WeightedLFU,0.3018435765589291,0.11418488392729534,4379552,49008,6,8,4
freelaw,128,48,THER,0.31694458685316684,0.11485590839200707,4284823,49008,6,8,4
freelaw,128,48,Oracle,0.32833064244613125,0.11534513980396191,4213398,49008,6,8,4
freelaw,128,48,WeightedLFU,0.4456297313703885,0.22313075121758155,3477578,49008,12,8,4
freelaw,128,48,THER,0.46452954747184133,0.22619649669474315,3359019,49008,12,8,4
freelaw,128,48,Oracle,0.48809967887895855,0.2296862950811433,3211163,49008,12,8,4
freelaw,128,48,WeightedLFU,0.5500253147445315,0.3254641416148249,2822702,49008,18,8,4
freelaw,128,48,THER,0.5700485124877571,0.3315163189694572,2697096,49008,18,8,4
freelaw,128,48,Oracle,0.602661810316683,0.34121613662670625,2492512,49008,18,8,4
freelaw,128,48,WeightedLFU,0.633493989501714,0.42055015367991544,2299101,49008,24,8,4
freelaw,128,48,THER,0.6539284721372021,0.4301537741494205,2170915,49008,24,8,4
freelaw,128,48,Oracle,0.6921499104738001,0.4481548201465967,1931151,49008,24,8,4
hackernews,128,48,WeightedLFU,0.268907308500653,0.10932223302883032,4586162,49008,6,8,4
hackernews,128,48,THER,0.29801256937642834,0.11140277968942366,4403584,49008,6,8,4
hackernews,128,48,Oracle,0.3095460817621613,0.11171797946676866,4331234,49008,6,8,4
hackernews,128,48,WeightedLFU,0.41778064295625206,0.21205606829911508,3652276,49008,12,8,4
hackernews,128,48,THER,0.4558753481574437,0.22005316952577073,3413307,49008,12,8,4
hackernews,128,48,Oracle,0.47701602927073133,0.22264967046604703,3280691,49008,12,8,4
hackernews,128,48,WeightedLFU,0.5266636952130265,0.3081357282939898,2969250,49008,18,8,4
hackernews,128,48,THER,0.56695462985635,0.32286418881873463,2716504,49008,18,8,4
hackernews,128,48,Oracle,0.5947648215597453,0.33076737648084964,2542050,49008,18,8,4
hackernews,128,48,WeightedLFU,0.6120923497184133,0.39746083576228536,2433354,49008,24,8,4
hackernews,128,48,THER,0.6516035966066764,0.41847504142462694,2185499,49008,24,8,4
hackernews,128,48,Oracle,0.6844706795319132,0.4341213454505912,1979323,49008,24,8,4
pile_cc,128,48,WeightedLFU,0.23953152418992818,0.10451736571266046,4770437,49008,6,8,4
pile_cc,128,48,THER,0.2619216824293993,0.10582381923164631,4629983,49008,6,8,4
pile_cc,128,48,Oracle,0.27467167350228533,0.1061899153353068,4550002,49008,6,8,4
pile_cc,128,48,WeightedLFU,0.38129696299583743,0.20425488239569242,3881139,49008,12,8,4
pile_cc,128,48,THER,0.41154521328150506,0.20900979496811206,3691391,49008,12,8,4
pile_cc,128,48,Oracle,0.4347290875979432,0.21165161384052883,3545958,49008,12,8,4
pile_cc,128,48,WeightedLFU,0.48888685903321905,0.29815329271461527,3206225,49008,18,8,4
pile_cc,128,48,THER,0.5223029594658015,0.3076779351746076,2996605,49008,18,8,4
pile_cc,128,48,Oracle,0.5533359987144956,0.31505984930429093,2801934,49008,18,8,4
pile_cc,128,48,WeightedLFU,0.5782432842597127,0.38703622255318243,2645690,49008,24,8,4
pile_cc,128,48,THER,0.6106225641731962,0.40076789832286064,2442574,49008,24,8,4
pile_cc,128,48,Oracle,0.647108475912096,0.4149730053815766,2213697,49008,24,8,4
