workload,num_experts,num_layers,gpu_budget,window_size,swap_frequency,n_events_compared,routing_skew_gini,topB_share_aggregate,consecutive_window_spearman_mean,consecutive_window_spearman_n,consecutive_topB_jaccard_mean,consecutive_topB_jaccard_n,topB_routed_token_coverage_mean,weighted_lfu_coverage,ther_coverage,oracle_coverage,ther_minus_weighted_lfu,oracle_minus_ther
mixed,128,48,12,8,4,49008,0.09395793649522144,0.126759916748286,0.8091490114679445,6048,0.4946953509223755,6048,0.2859871931902067,0.24733398118674502,0.2655631478534117,0.2975134480595005,0.018229166666666657,0.0319503002060888
arxiv,128,48,12,8,4,49008,0.14570931270548304,0.14562928501469147,0.8712752519380838,6048,0.6392505262713872,6048,0.39285510606340224,0.36774640109777995,0.378937494898792,0.4005796885202416,0.011191093801012075,0.02164219362144959
pubmed_central,128,48,12,8,4,49008,0.17729631125673997,0.158190053154587,0.861661607811833,6048,0.6268885657546928,6048,0.41681597051345143,0.39539590475024483,0.401999099636794,0.42536024093005226,0.006603194886549146,0.02336114129325828
github,128,48,12,8,4,49008,0.12685568644803527,0.13282254300318316,0.8536185601680396,6048,0.5759966124190103,6048,0.347898468257874,0.3198041327436337,0.3303384460190173,0.3580521930093046,0.010534313275383622,0.02771374699028728
stackexchange,128,48,12,8,4,49008,0.11251029507459241,0.13348856946825008,0.8348752215602893,6048,0.6164523953606034,6048,0.3368653625328084,0.3216647983492491,0.3238733025730493,0.3444593867327783,0.0022085042238002006,0.020586084159729012
wikipedia,128,48,12,8,4,49008,0.16347361685129852,0.1522246686765426,0.8969162878574862,6048,0.6973833134243349,6048,0.438227615957185,0.41558521057786485,0.4268474024649037,0.4457456244388671,0.011262191887038864,0.018898221973963403
freelaw,128,48,12,8,4,49008,0.1956112494548084,0.16908176981309175,0.9007834597559308,6048,0.6396336203547245,6048,0.4796964390071358,0.4456297313703885,0.46452954747184133,0.48809967887895855,0.018899816101452804,0.023570131407117223
hackernews,128,48,12,8,4,49008,0.16974466282131234,0.1540438869674339,0.8846293355494995,6048,0.6869836382971242,6048,0.4691453668389108,0.41778064295625206,0.4558753481574437,0.47701602927073133,0.038094705201191625,0.02114068111328765
pile_cc,128,48,12,8,4,49008,0.1511337250383547,0.1474339967454293,0.8962406685533565,6048,0.6502911565360887,6048,0.4259262285207513,0.38129696299583743,0.41154521328150506,0.4347290875979432,0.030248250285667633,0.023183874316438147
