system,batch_size,component,total_energy_j,energy_per_token_j
vllm,14,gpu_static,0,0
vllm,14,gpu_compute,30.0991308104,0.029393682432
vllm,14,gpu_shared,2.97724627845,0.0029074670688
vllm,14,gpu_l1,3.8802113495,0.003789268896
vllm,14,gpu_l2,13.3450259497,0.013032251904
vllm,14,gpu_dram,75.7910441165,0.07401469152
vllm,14,gpu_comm,0.12884901888,0.00012582912
vllm,14,gpu_moe_stall,0,0
vllm,14,total,126.221507523,0.123263190941
deepspeed_nvme,32,gpu_static,0,0
deepspeed_nvme,32,gpu_compute,30.0991308104,0.029393682432
deepspeed_nvme,32,gpu_shared,5.05986512978,0.0049412745408
deepspeed_nvme,32,gpu_l1,6.59446490726,0.006439907136
deepspeed_nvme,32,gpu_l2,22.6800288399,0.022148465664
deepspeed_nvme,32,gpu_dram,128.807772488,0.12578884032
deepspeed_nvme,32,pcie,39.4274222899,0.03850334208
deepspeed_nvme,32,ssd_flash_internal_read,23.656453374,0.023102005248
deepspeed_nvme,32,ssd_flash_interface,38.6388738441,0.0377332752384
deepspeed_nvme,32,total,294.964011683,0.288050792659
astra_moe,32,gpu_static,0,0
astra_moe,32,gpu_compute,29.5976011039,0.028903907328
astra_moe,32,gpu_shared,1.24422846874,0.001215066864
astra_moe,32,gpu_l1,1.62158886912,0.00158358288
astra_moe,32,gpu_l2,5.57705330688,0.00544634112
astra_moe,32,gpu_dram,31.6740255744,0.0309316656
astra_moe,32,pcie,0.01741422592,1.700608e-05
astra_moe,32,ssd_flash_internal_read,12.0367129559,0.011754602496
astra_moe,32,ssd_flash_interface,19.6599644946,0.0191991840768
astra_moe,32,ssd_epu,0.727218074419,0.0007101739008
astra_moe,32,ssd_dram,16.0628819886,0.015686408192
astra_moe,32,ssd_spm,0.0006965690368,6.802432e-07
astra_moe,32,ssd_controller,0.00067104,6.553125e-07
astra_moe,32,total,118.220056672,0.115449274093
