system,batch_size,component,total_latency_s,avg_latency_per_step_s
vllm,14,gpu_static,0.0361768096689,0.000452210120862
vllm,14,gpu_compute,0.0241178932775,0.000301473665969
vllm,14,gpu_shared,0,0
vllm,14,gpu_l1,0,0
vllm,14,gpu_l2,0,0
vllm,14,gpu_dram,0,0
vllm,14,gpu_comm,0.00536870912,6.7108864e-05
vllm,14,gpu_moe_stall,0.00669020727138,8.36275908923e-05
vllm,14,total,0.0361768096689,0.000452210120862
deepspeed_nvme,32,gpu_static,32.4310974773,1.01347179616
deepspeed_nvme,32,gpu_compute,0.0241178932775,0.000753684164923
deepspeed_nvme,32,gpu_shared,0,0
deepspeed_nvme,32,gpu_l1,0,0
deepspeed_nvme,32,gpu_l2,0,0
deepspeed_nvme,32,gpu_dram,0,0
deepspeed_nvme,32,pcie,30.802673664,0.962583552
deepspeed_nvme,32,ssd_flash_internal_read,1.60430592,0.05013456
deepspeed_nvme,32,ssd_flash_interface,1.60430592,0.05013456
deepspeed_nvme,32,total,32.4310974773,1.01347179616
astra_moe,32,gpu_static,0.830232224,0.025944757
astra_moe,32,gpu_compute,0.0237160265255,0.000741125828923
astra_moe,32,gpu_shared,0,0
astra_moe,32,gpu_l1,0,0
astra_moe,32,gpu_l2,0,0
astra_moe,32,gpu_dram,0,0
astra_moe,32,pcie,0.013604864,0.000425152
astra_moe,32,ssd_flash_internal_read,0.81629184,0.02550912
astra_moe,32,ssd_flash_interface,0.81629184,0.02550912
astra_moe,32,ssd_epu,0.0501529706496,0.0015672803328
astra_moe,32,ssd_dram,0,0
astra_moe,32,ssd_spm,0,0
astra_moe,32,ssd_controller,0.00033552,1.0485e-05
astra_moe,32,total,0.830232224,0.025944757
